---
date: 2020-12-13T12:00:04+09:00
description: "从零蛋开始学习 MySQL"
image: "images/recommend_site/xingyouji.jpg"
title: "带搜索条件的查询"
author: 诸葛青
authorEmoji: 🎅
pinned: false
tags:
- mysql
series:
-  
---
## 简单搜索条件
---
我们需要把搜索条件放在<font color=CadetBlue size=3 >WHERE子句</font>中，比如我们想查询<font color=CadetBlue size=3 >student_info</font>表中<font color=CadetBlue size=3 >名字是范剑</font>的学生的一些信息，可以这么写：
```mysql
mysql> SELECT number, name, id_number, major FROM student_info WHERE name = '范剑';
+----------+--------+--------------------+-----------------+
| number   | name   | id_number          | major           |
+----------+--------+--------------------+-----------------+
| 20180105 | 范剑   | 181048199308156368 | 飞行器设计      |
+----------+--------+--------------------+-----------------+
1 row in set (0.01 sec)

mysql>
```

设计<font color=CadetBlue size=3 >MySQL</font>的大叔还提供了很多别的比较操作符

{{< figure src="/images/mysql/1/12.jpg" >}}

<font color=CadetBlue size=3 >   </font>

* 查询<font color=CadetBlue size=3 >学号大于20180103</font>的学生信息可以这么写：
```mysql
mysql> SELECT number, name, id_number, major FROM student_info WHERE number > 20180103;
+----------+-----------+--------------------+-----------------+
| number   | name      | id_number          | major           |
+----------+-----------+--------------------+-----------------+
| 20180104 | 史珍香    | 141992199701078600 | 软件工程        |
| 20180105 | 范剑      | 181048199308156368 | 飞行器设计      |
| 20180106 | 朱逸群    | 197995199501078445 | 电子信息        |
+----------+-----------+--------------------+-----------------+
3 rows in set (0.01 sec)

mysql>
```
* 查询<font color=CadetBlue size=3 >专业不是计算机科学与工程</font>的一些学生信息可以这么写：
```mysql
mysql> SELECT number, name, id_number, major FROM student_info WHERE major != '计算机科学与工程';
+----------+-----------+--------------------+-----------------+
| number   | name      | id_number          | major           |
+----------+-----------+--------------------+-----------------+
| 20180103 | 范统      | 17156319980116959X | 软件工程        |
| 20180104 | 史珍香    | 141992199701078600 | 软件工程        |
| 20180105 | 范剑      | 181048199308156368 | 飞行器设计      |
| 20180106 | 朱逸群    | 197995199501078445 | 电子信息        |
+----------+-----------+--------------------+-----------------+
4 rows in set (0.00 sec)

mysql>
```

* 查询<font color=CadetBlue size=3 >学号在20180102~20180104间的学生信息</font>，可以这么写：
```mysql
mysql> SELECT number, name, id_number, major FROM student_info WHERE number BETWEEN 20180102 AND 20180104;
+----------+-----------+--------------------+--------------------------+
| number   | name      | id_number          | major                    |
+----------+-----------+--------------------+--------------------------+
| 20180102 | 杜琦燕    | 151008199801178529 | 计算机科学与工程         |
| 20180103 | 范统      | 17156319980116959X | 软件工程                 |
| 20180104 | 史珍香    | 141992199701078600 | 软件工程                 |
+----------+-----------+--------------------+--------------------------+
3 rows in set (0.00 sec)

mysql>
```

* 查询<font color=CadetBlue size=3 >学号不在20180102~20180104这个区间内</font>的所有学生信息，可以这么写：

```mysql
mysql> SELECT number, name, id_number, major FROM student_info WHERE number NOT BETWEEN 20180102 AND 20180104;
+----------+-----------+--------------------+--------------------------+
| number   | name      | id_number          | major                    |
+----------+-----------+--------------------+--------------------------+
| 20180101 | 杜子腾    | 158177199901044792 | 计算机科学与工程         |
| 20180105 | 范剑      | 181048199308156368 | 飞行器设计               |
| 20180106 | 朱逸群    | 197995199501078445 | 电子信息                 |
+----------+-----------+--------------------+--------------------------+
3 rows in set (0.00 sec)

mysql>
```

## 匹配列表中的元素

有时候搜索条件中指定的匹配值并不是单个值，而是一个列表，只要匹配到列表中的某一项就算匹配成功，这种情况可以使用<font color=CadetBlue size=3 >IN操作符</font>：

{{< figure src="/images/mysql/1/13.jpg" >}}
 
 <font color=MediumVioletRed size=3 >   </font>

* 比如我们想<font color=CadetBlue size=3 >查询软件工程和飞行器设计专业</font>的学生信息，可以这么写：

```mysql
mysql> SELECT number, name, id_number, major FROM student_info WHERE major IN ('软件工程', '飞行器设计');
+----------+-----------+--------------------+-----------------+
| number   | name      | id_number          | major           |
+----------+-----------+--------------------+-----------------+
| 20180103 | 范统      | 17156319980116959X | 软件工程        |
| 20180104 | 史珍香    | 141992199701078600 | 软件工程        |
| 20180105 | 范剑      | 181048199308156368 | 飞行器设计      |
+----------+-----------+--------------------+-----------------+
3 rows in set (0.01 sec)

mysql>
```
* 如果想<font color=CadetBlue size=3 >查询不是这两个专业</font>的学生的信息，可以这么写：

```mysql
mysql> SELECT number, name, id_number, major FROM student_info WHERE major NOT IN ('软件工程', '飞行器设计');
+----------+-----------+--------------------+--------------------------+
| number   | name      | id_number          | major                    |
+----------+-----------+--------------------+--------------------------+
| 20180101 | 杜子腾    | 158177199901044792 | 计算机科学与工程         |
| 20180102 | 杜琦燕    | 151008199801178529 | 计算机科学与工程         |
| 20180106 | 朱逸群    | 197995199501078445 | 电子信息                 |
+----------+-----------+--------------------+--------------------------+
3 rows in set (0.00 sec)

mysql>
```

## 匹配NULL值
---
<font color=CadetBlue size=3 NULL></font>代表没有值，意味着你并不知道该列应该填入什么数据，在判断某一列是否为NULL的时候并不能单纯的使用=操作符，而是需要<font color=CadetBlue size=3 >专业判断值是否是NULL的操作符</font>：

* 比如我们想看一下<font color=CadetBlue size=3 >student_info表的name列是NULL的学生记录</font>有哪些，可以这么写：
```mysql
mysql> SELECT number, name, id_number, major FROM student_info WHERE name IS NULL;
Empty set (0.00 sec)

mysql>
```

* 由于所有记录的name列都不是NULL值，所以最后的结果集是空的，我们看一下<font color=CadetBlue size=3 >查询name列不是NULL值</font>的方式：
```mysql
mysql> SELECT number, name, id_number, major FROM student_info WHERE name IS NOT NULL;
+----------+-----------+--------------------+--------------------------+
| number   | name      | id_number          | major                    |
+----------+-----------+--------------------+--------------------------+
| 20180101 | 杜子腾    | 158177199901044792 | 计算机科学与工程         |
| 20180102 | 杜琦燕    | 151008199801178529 | 计算机科学与工程         |
| 20180103 | 范统      | 17156319980116959X | 软件工程                 |
| 20180104 | 史珍香    | 141992199701078600 | 软件工程                 |
| 20180105 | 范剑      | 181048199308156368 | 飞行器设计               |
| 20180106 | 朱逸群    | 197995199501078445 | 电子信息                 |
+----------+-----------+--------------------+--------------------------+
6 rows in set (0.00 sec)

mysql>
```
<font color=GreenYellow size=3 >再次强调一遍，不能直接使用普通的操作符来与NULL值进行比较，必须使用IS NULL或者IS NOT NULL！</font>

## 多个搜索条件的查询
---
<font color=GreenYellow size=3 >AND操作符</font>

在给定多个搜索条件的时候，我们有时需要某条记录只在符合所有搜索条件的时候才将其加入结果集，这种情况我们可以使用<font color=GreenYellow size=3 >AND操作符</font>来连接多个搜索条件。比如我们想从<font color=GreenYellow size=3 >student_score</font>表中找出<font color=GreenYellow size=3 >科目为'母猪的产后护理'</font>并且<font color=GreenYellow size=3 >成绩大于75分</font>的记录，可以这么写：

```mysql
mysql> SELECT * FROM student_score WHERE subject = '母猪的产后护理' AND score > 75;
+----------+-----------------------+-------+
| number   | subject               | score |
+----------+-----------------------+-------+
| 20180101 | 母猪的产后护理        |    78 |
| 20180102 | 母猪的产后护理        |   100 |
+----------+-----------------------+-------+
2 rows in set (0.00 sec)

mysql>
```
<font color=GreenYellow size=3 >  </font>
<font color=GreenYellow size=3 >OR操作符</font>    

在给定多个搜索条件的时候，我们有时需要某条记录在符合某一个搜索条件的时候就将其加入结果集中，这种情况我们可以使用<font color=GreenYellow size=3 >OR操作符</font>来连接多个搜索条件。比如我们想从<font color=GreenYellow size=3 >student_score</font>表中找出成绩<font color=GreenYellow size=3 >大于95分</font>或者<font color=GreenYellow size=3 >小于55分</font>的记录，可以这么写：

```mysql
mysql> SELECT * FROM student_score WHERE score > 95 OR score < 55;
+----------+-----------------------------+-------+
| number   | subject                     | score |
+----------+-----------------------------+-------+
| 20180102 | 母猪的产后护理              |   100 |
| 20180102 | 论萨达姆的战争准备          |    98 |
| 20180104 | 论萨达姆的战争准备          |    46 |
+----------+-----------------------------+-------+
3 rows in set (0.00 sec)

mysql>
```
<font color=GreenYellow size=3 >  </font>
<font color=GreenYellow size=3 >更复杂的搜索条件的组合</font>

* 如果我们需要在某个查询中指定很多的搜索条件，比方说我们想从<font color=GreenYellow size=3 >student_score表中找出课程为'论萨达姆的战争准备'，并且成绩大于95分或者小于55分的记录</font>，那我们可能会这么写：
```mysql
mysql> SELECT * FROM student_score WHERE score > 95 OR score < 55 AND subject = '论萨达姆的战争准备';
+----------+-----------------------------+-------+
| number   | subject                     | score |
+----------+-----------------------------+-------+
| 20180102 | 母猪的产后护理              |   100 |
| 20180102 | 论萨达姆的战争准备          |    98 |
| 20180104 | 论萨达姆的战争准备          |    46 |
+----------+-----------------------------+-------+
3 rows in set (0.00 sec)

mysql>
```

为什么结果中<font color=CadetBlue size=3 >仍然会有'母猪的产后护理'课程的记录</font>呢？因为：<font color=CadetBlue size=3 >AND操作符的优先级高于OR操作符</font>，也就是说在判断某条记录是否符合条件时会先检测AND操作符两边的搜索条件。所以

可以被看作下边这两个条件中任一条件成立则整个式子成立：

* 1.score > 95

* 2.score < 55 AND subject = '论萨达姆的战争准备'

在一个查询中有多个搜索条件时<font color=CadetBlue size=3 >最好使用小括号()来显式的指定各个搜索条件的检测顺序</font>比如上边的例子可以写成下边这样：

```mysql
mysql> SELECT * FROM student_score WHERE (score > 95 OR score < 55) AND subject = '论萨达姆的战争准备';
+----------+-----------------------------+-------+
| number   | subject                     | score |
+----------+-----------------------------+-------+
| 20180102 | 论萨达姆的战争准备          |    98 |
| 20180104 | 论萨达姆的战争准备          |    46 |
+----------+-----------------------------+-------+
2 rows in set (0.00 sec)

mysql>
```

## 通配符
---
有时候我们并不能精确的描述我们要查询的哪些结果，比方说我们只是想看看姓<font color=VioletRed size=3 >'杜'</font>的学生信息，而不能精确的描述出这些姓<font color=VioletRed size=3 >'杜'</font>的同学的完整姓名，我们称这种查询为<font color=VioletRed size=3 >模糊查询</font>。<font color=VioletRed size=3 >MySQL</font>中使用下边这两个操作符来支持<font color=VioletRed size=3 >模糊查询</font>：

{{< figure src="/images/mysql/1/15.jpg">}}

<font color=CadetBlue size=3 >   </font>

既然我们不能完整描述要查询的信息，那就用某个符号来替代这些模糊的信息，这个符号就被称为<font color=VioletRed size=3 >通配符</font>。<font color=VioletRed size=3 >MySQL</font>中支持下边这两个<font color=VioletRed size=3 >通配符</font>：

* <font color=VioletRed size=3 >%：代表任意一个字符串。</font>
比方说我们想查询<font color=VioletRed size=3 >student_info</font>表中<font color=VioletRed size=3 >name以'杜'开头</font>的记录，我们可以这样写：
```mysql
mysql> SELECT number, name, id_number, major FROM student_info WHERE name LIKE '杜%';
+----------+-----------+--------------------+--------------------------+
| number   | name      | id_number          | major                    |
+----------+-----------+--------------------+--------------------------+
| 20180101 | 杜子腾    | 158177199901044792 | 计算机科学与工程         |
| 20180102 | 杜琦燕    | 151008199801178529 | 计算机科学与工程         |
+----------+-----------+--------------------+--------------------------+
2 rows in set (0.00 sec)

mysql>
```

或者我们只知道<font color=VioletRed size=3 >学生名字</font>里边包含了一个<font color=VioletRed size=3 >'香'</font>字，那我们可以这么查：
```mysql
mysql> SELECT number, name, id_number, major FROM student_info WHERE name LIKE '%香%';
+----------+-----------+--------------------+--------------+
| number   | name      | id_number          | major        |
+----------+-----------+--------------------+--------------+
| 20180104 | 史珍香    | 141992199701078600 | 软件工程     |
+----------+-----------+--------------------+--------------+
1 row in set (0.00 sec)

mysql>
```

* <font color=VioletRed size=3 >_：代表任意一个字符。</font>
有的时候我们知道要查询的字符串中有多少个字符，而使用<font color=VioletRed size=3 >%</font>时匹配的范围太大，我们就可以用<font color=VioletRed size=3 >_</font>来做通配符。就像是支付宝的万能福卡，一张万能福卡能且只能代表任意一张福卡(也就是它不能代表多张福卡)。
比方说我们想查询姓<font color=VioletRed size=3 >'范'</font>，并且姓名只有<font color=VioletRed size=3 >2个字符</font>的记录，可以这么写：
```mysql
mysql> SELECT number, name, id_number, major FROM student_info WHERE name LIKE '范_';
+----------+--------+--------------------+-----------------+
| number   | name   | id_number          | major           |
+----------+--------+--------------------+-----------------+
| 20180103 | 范统   | 17156319980116959X | 软件工程        |
| 20180105 | 范剑   | 181048199308156368 | 飞行器设计      |
+----------+--------+--------------------+-----------------+
2 rows in set (0.00 sec)

mysql>
```
{{< alert theme="info" >}}
小贴士： LIKE或者NOT LIKE操作符只用于字符串匹配。另外，通配符不能代表NULL，如果需要匹配NULL的话，需要使用IS NULL或者IS NOT NULL。  
{{< /alert >}}

## 转义通配符

* <font color=VioletRed size=3 >'\\%'代表普通字符'%'</font>
* <font color=VioletRed size=3 >'\\\_'代表普通字符'_'</font>