---
date: 2020-12-13T12:00:04+09:00
description: "从零蛋开始学习 MySQL"
image: "images/recommend_site/xingyouji.jpg"
title: "表达式和函数"
author: 诸葛青
authorEmoji: 🎅
pinned: false
tags:
- mysql
series:
-  
---
## 表达式
---
将``数字``和``运算符``连接起来的组合称之为``表达式``

### 操作数
```MySQL```中```操作数```可以是下边这几种类型：

* ``常数``
平时用到的```数字```、```字符串```、```时间值```什么的都可以被称为```常数```，它是一个确定的值，比如数字1，字符串'abc'，时间值2019-08-16 17:10:43啥的。
* ``列名``
针对某个具体的``表``，它的``列名``可以被``当作表达式``的一部分，比如对于student_info表来说，number、name都可以作为``操作数``。
* ``函数调用``
``MySQL``中有``函数``的概念，比方说``获取当前时间``的函数``NOW``，而在函数后边``加个小括号``就算是一个函数调用，比如NOW()。
* ``标量子查询或者行子查询``
* ``其他表达式``
``一个表达式``也可以作为``一个操作数``与``另一个操作数``来形成``一个更复杂的表达式``
{{< alert theme="info" >}}
小贴士： 当然，可以作为操作数的东西不止这么几种，大家在熟练使用MySQL后再到文档中查看更多的操作数类型吧。
{{< /alert >}}

### 操作符
1.``算术操作符``
{{< figure src="/images/mysql/1/16.jpg" >}}

在使用``MySQL``中的``算术操作符``时需要注意，``DIV``和``/``都表示除法操作符，但是``DIV``只会``取商的整数部分``，``/``会``保留商的小数部分``。比如表达式 2 DIV 3的结果是0，而2 / 3的结果是0.6667。

2.``比较操作符``
{{< figure src="/images/mysql/1/17.jpg" >}}

{{< figure src="/images/mysql/1/18.jpg" >}}

由``比较操作符``连接而成的``表达式``也称为``布尔表达式``，表示``真``或`者``假``，也可以称为TRUE或者FALSE。比如1 > 3就代表``FALSE``，3 != 2就代表``TRUE``。

3.``逻辑操作符``

逻辑操作符是用来将多个``布尔表达式``连接起来，我们需要了解这几个``逻辑操作符``：

{{< figure src="/images/mysql/1/19.jpg" >}}

### 表达式的使用
只要把这些``操作数``和``操作符``相互组合起来就可以组成一个``表达式``。表达式主要以下边这``两种方式``使用：

1.``放在查询列表中``

我们前边都是将列名放在查询列表中的(``*``号代表``所有的列名``～)。列名只是表达式中超级简单的一种，我们可以将任意一个表达式作为查询列表的一部分来处理，比方说我们可以在查询``student_score``表时把``score``字段的数据都加``100``，就像这样：

```mysql
mysql> SELECT  number, subject, score + 100 FROM student_score;
+----------+-----------------------------+-------------+
| number   | subject                     | score + 100 |
+----------+-----------------------------+-------------+
| 20180101 | 母猪的产后护理              |         178 |
| 20180101 | 论萨达姆的战争准备          |         188 |
| 20180102 | 母猪的产后护理              |         200 |
| 20180102 | 论萨达姆的战争准备          |         198 |
| 20180103 | 母猪的产后护理              |         159 |
| 20180103 | 论萨达姆的战争准备          |         161 |
| 20180104 | 母猪的产后护理              |         155 |
| 20180104 | 论萨达姆的战争准备          |         146 |
+----------+-----------------------------+-------------+
8 rows in set (0.00 sec)

mysql>
```

其中的``number``、``subject``、``score + 100``都是表达式，结果集中的列的名称也将默认使用这些表达式的名称，所以如果你觉得原名称不好，我们可以使用别名：
```mysql
mysql> SELECT  number, subject, score + 100 AS score FROM student_score;
+----------+-----------------------------+-------+
| number   | subject                     | score |
+----------+-----------------------------+-------+
| 20180101 | 母猪的产后护理              |   178 |
| 20180101 | 论萨达姆的战争准备          |   188 |
| 20180102 | 母猪的产后护理              |   200 |
| 20180102 | 论萨达姆的战争准备          |   198 |
| 20180103 | 母猪的产后护理              |   159 |
| 20180103 | 论萨达姆的战争准备          |   161 |
| 20180104 | 母猪的产后护理              |   155 |
| 20180104 | 论萨达姆的战争准备          |   146 |
+----------+-----------------------------+-------+
8 rows in set (0.00 sec)

mysql>
```

这样``score + 100``列就可以按照别名``score``来展示了！

需要注意的是，放在查询列表的表达式也可以不涉及列名，就像这样：

```mysql
mysql> SELECT 1 FROM student_info;
+---+
| 1 |
+---+
| 1 |
| 1 |
| 1 |
| 1 |
| 1 |
| 1 |
+---+
6 rows in set (0.01 sec)

mysql>
```

因为``student_info``中有``6条记录``，所以结果集中也就展示了``6条结果``，不过我们的``查询列表``处只有一个``常数1``，所以所有的结果的值``也都是常数1``。这种查询列表中不涉及列名的情况下，我们甚至可以省略掉FROM子句后边的表名，就像这样：

```mysql
mysql> SELECT 1;
+---+
| 1 |
+---+
| 1 |
+---+
1 row in set (0.00 sec)

mysql>
```

可是这么写有什么现实用处么？好像有的，可以做个``计算器[偷笑]～(比如select 52*10 from first;)``

2.``作为搜索条件``

我们在介绍搜索条件的时候介绍的都是带有列名的表达式，``搜索条件``也可以``不带列名``，比如这样：

```mysql
mysql> SELECT number, name, id_number, major FROM student_info WHERE 2 > 1;
+----------+-----------+--------------------+--------------------------+
| number   | name      | id_number          | major                    |
+----------+-----------+--------------------+--------------------------+
| 20180101 | 杜子腾    | 158177199901044792 | 计算机科学与工程         |
| 20180102 | 杜琦燕    | 151008199801178529 | 计算机科学与工程         |
| 20180103 | 范统      | 17156319980116959X | 软件工程                 |
| 20180104 | 史珍香    | 141992199701078600 | 软件工程                 |
| 20180105 | 范剑      | 181048199308156368 | 飞行器设计               |
| 20180106 | 朱逸群    | 197995199501078445 | 电子信息                 |
+----------+-----------+--------------------+--------------------------+
6 rows in set (0.00 sec)

mysql>
```

由于我们的搜索条件是``2 > 1``，这个条件对于表中的每一条记录都成立，所以最后的``查询结果``就是``全部的记录``。不过这么写有点儿傻哈，没有一毛钱卵用，没一点实际意义～ 所以``通常情况下``搜索条件中都会``包含列名``的。

## 函数
---
我们在使用``MySQL``过程中经常会有一些需求，比方说将给定文本中的小写字母转换成大写字母，把某个日期数据中的月份值提取出来等等。为了解决这些常遇到的问题，设计``MySQL``的大叔贴心的为我们提供了很多所谓的``函数``，比方说：

* ``UPPER``函数是用来把给定的文本中的小写字母转换成大写字母。

* ``MONTH``函数是用来把某个日期数据中的月份值提取出来。

* ``NOW``函数用来获取当前的日期和时间。

如果我们想使用这些函数，可以在函数名后加一个小括号``()``就好，表示调用一下这个函数，简称``函数调用``。比方说NOW()就代表调用``NOW``函数来获取当前日期和时间。针对某些包含参数的函数，我们也可以在小括号``()``里将参数填入，比方说``UPPER('abc')``表示将字符串``'abc'``转换为大写格式。

下边来介绍一些常用的``MySQL``内置函数：

## 文本处理函数
{{< figure src="/images/mysql/1/20.jpg" >}}

我们以``SUBSTRING``函数为例试一下：

```mysql
mysql> SELECT SUBSTRING('abc123', 2, 3);
+---------------------------+
| SUBSTRING('abc123', 2, 3) |
+---------------------------+
| bc1                       |
+---------------------------+
1 row in set (0.00 sec)

mysql>
```

``函数调用``也算是一种``表达式``的``操作数``，它可以和其他操作数用操作符连接起来组成一个表达式来作为查询列表的一部分或者放到搜索条件中。我们来以``CONCAT``函数为例来看一下：

```mysql
mysql> SELECT CONCAT('学号为', number, '的学生在《', subject, '》课程的成绩是：', score) AS 成绩描述 FROM student_score;
+---------------------------------------------------------------------------------------+
| 成绩描述                                                                              |
+---------------------------------------------------------------------------------------+
| 学号为20180101的学生在《母猪的产后护理》课程的成绩是：78                              |
| 学号为20180101的学生在《论萨达姆的战争准备》课程的成绩是：88                          |
| 学号为20180102的学生在《母猪的产后护理》课程的成绩是：100                             |
| 学号为20180102的学生在《论萨达姆的战争准备》课程的成绩是：98                          |
| 学号为20180103的学生在《母猪的产后护理》课程的成绩是：59                              |
| 学号为20180103的学生在《论萨达姆的战争准备》课程的成绩是：61                          |
| 学号为20180104的学生在《母猪的产后护理》课程的成绩是：55                              |
| 学号为20180104的学生在《论萨达姆的战争准备》课程的成绩是：46                          |
+---------------------------------------------------------------------------------------+
8 rows in set (0.00 sec)

mysql>
```

## 日期和时间处理函数

{{< figure src="/images/mysql/1/21.jpg" >}}

<font color=red size=4>   </font>
<font color=red size=4>   </font>

{{< alert theme="info" >}}
* 在使用``DATE_ADD``和``DATE_SUB``这两个函数时需要注意，增加或减去的时间间隔单位可以自己定义，下边是``MySQL``支持的一些时间单位  
{{< /alert >}}



<table>
  <tr>
    <th width=10%, bgcolor=gray >时间单位</th>
    <th width=10%, bgcolor=gray center>描述</th>
  </tr>
  <tr>
    <td width=10%>MICROSECOND</th>
    <td width=10%>毫秒</th>
  </tr>
<tr>
    <td width=10%>SECOND</th>
    <td width=10%>秒</th>
  </tr>

<tr>
    <td width=10%>MINUTE</th>
    <td width=10%>分钟</th>
  </tr>

  <tr>
    <td width=10%>HOUR</th>
    <td width=10%>小时</th>
  </tr>
  <tr>
    <td width=10%>DAY</th>
    <td width=10%>天</th>
  </tr>

<tr>
    <td width=10%>WEEK</th>
    <td width=10%>星期</th>
  </tr>
  <tr>
    <td width=10%>MONTH</th>
    <td width=10%>月</th>
  </tr>
  <tr>
    <td width=10%>QUARTER</th>
    <td width=10%>季度</th>
  </tr>
  <tr>
    <td width=10%>YEAR</th>
    <td width=10%>年</th>
  </tr>
</table>

例：让``1949-10-1 00:00:00``这个时间值增加100年，可以这么写：
```mysql
mysql> SELECT DATE_ADD('1949-10-1 00:00:00', INTERVAL 100 YEAR);
+----------------------------------------------------+
| DATE_ADD('1949-10-1 00:00:00', INTERVAL 100 YEAR) |
+----------------------------------------------------+
| 2049-10-1 00:00:00                                |
+----------------------------------------------------+
1 row in set (0.00 sec)

mysql>

```
{{< alert theme="info" >}}
*在使用``DATE_FORMAT``函数时需要注意，我们可以通过一些所谓的格式符来自定义日期和时间的显示格式，下边是MySQL中常用的一些日期和时间的格式符以及它们对应的含义：  
{{< /alert >}}

 <table>
  <tr>
    <th width=10%, bgcolor=gray >格式符</th>
    <th width=10%, bgcolor=gray center>描述</th>
  </tr>
  <tr>
    <td width=10%>%b</th>
    <td width=10%>简写的月份名称（Jan、Feb、...、Dec)</th>
  </tr>
<tr>
    <td width=10%>%D</th>
    <td width=10%>带有英文后缀的月份中的日期（0th、1st、2nd、...、31st)）</th>
  </tr>

<tr>
    <td width=10%>%d</th>
    <td width=10%>数字格式的月份中的日期(00、01、02、...、31)</th>
  </tr>

  <tr>
    <td width=10%>%f</th>
    <td width=10%>微秒（000000-999999）</th>
  </tr>
  <tr>
    <td width=10%>%H</th>
    <td width=10%>二十四小时制的小时 (00-23)</th>
  </tr>

<tr>
    <td width=10%>%h</th>
    <td width=10%>十二小时制的小时 (01-12)</th>
  </tr>
  <tr>
    <td width=10%>%i</th>
    <td width=10%>数值格式的分钟(00-59)</th>
  </tr>
  <tr>
    <td width=10%>%M</th>
    <td width=10%>月份名（January、February、...、December）</th>
  </tr>
  <tr>
    <td width=10%>%m</th>
    <td width=10%>数值形式的月份(00-12)</th>
  </tr>
  <tr>
    <td width=10%>%p</th>
    <td width=10%>上午或下午（AM代表上午、PM代表下午）</th>
  </tr>
<tr>
    <td width=10%>%S</th>
    <td width=10%>秒（00-59）</th>
  </tr>
  <tr>
    <td width=10%>%s</th>
    <td width=10%>秒（00-59）</th>
  </tr>
  <tr>
    <td width=10%>%W</th>
    <td width=10%>星期名（Sunday、Monday、...、Saturday）</th>
  </tr>
  <tr>
    <td width=10%>%w</th>
    <td width=10%>周内第几天 （0=星期日、1=星期一、 6=星期六）</th>
  </tr>
  <tr>
    <td width=10%>%Y</th>
    <td width=10%>4位数字形式的年（例如2021）</th>
  </tr>
    <tr>
    <td width=10%>%y</th>
    <td width=10%>2位数字形式的年（例如21）</th>
  </tr>
</table>

``例子如下：``
```mysql
mysql> select date_format(now(),"%Y-%m-%d %H:%i:%s");
+----------------------------------------+
| date_format(now(),"%Y-%m-%d %H:%i:%s") |
+----------------------------------------+
| 2020-10-22 13:01:20                    |
+----------------------------------------+
1 row in set (0.00 sec)

mysql>
```

## 数值处理函数

{{< figure src="/images/mysql/1/22.jpg" >}}

## 聚集函数

如果将上边介绍的那些函数以函数调用的形式放在查询列表中，那么会为表中符合WHERE条件的每一条记录调用一次该函数。比方说这样：

mysql> SELECT number, SUBSTRING(name,2) FROM student_info WHERE number < 20180106;
+----------+-------------------+
| number   | SUBSTRING(name,2) |
+----------+-------------------+
| 20180101 | 子腾              |
| 20180102 | 琦燕              |
| 20180103 | 统                |
| 20180104 | 珍香              |
| 20180105 | 剑                |
+----------+-------------------+
5 rows in set (0.00 sec)

mysql>

``student_info``表中符合``number < 20180106``搜索条件的每一条记录的``name``字段会依次被当作``SUBSTRING``函数的参数，结果就是把这些人的名字的首个字符给提取出来了。但是有些函数是用来统计数据的，比方说统计一下表中的行数，某一列数据的最大值是什么，我们把这种函数称之为聚集函数，下边介绍MySQL中常用的几种``聚集函数``

 <table>
  <tr>
    <th width=10%, bgcolor=gray >函数名</th>
    <th width=10%, bgcolor=gray center>描述</th>
  </tr>
  <tr>
    <td width=10%>COUNT</th>
    <td width=10%>返回某列的行数</th>
  </tr>
<tr>
    <td width=10%>MAX</th>
    <td width=10%>返回某列的最大值</th>
  </tr>

<tr>
    <td width=10%>MIN</th>
    <td width=10%>数字格式的月份中的日期(00、01、02、...、31)</th>
  </tr>

  <tr>
    <td width=10%>SUM</th>
    <td width=10%>返回某列值之和</th>
  </tr>
  <tr>
    <td width=10%>AVG</th>
    <td width=10%>返回某列的平均值</th>
  </tr>
</table>

{{< alert theme="info" >}}
小贴士： 聚集函数这个名儿不太直观，把它理解为统计函数可能更符合中国人的理解习惯。  
{{< /alert >}}

### COUNT函数

``COUNT``函数使用来统计行数的，它有下边两种使用方式：

* 1.``COUNT(*)：``对表中行的数目进行计数，不管列的值是不是NULL。
* 2.``COUNT(列名)：``对特定的列进行计数，会忽略掉该列为NULL的行。

```mysql
mysql> SELECT COUNT(*) FROM student_info;
+----------+
| COUNT(*) |
+----------+
|        6 |
+----------+
1 row in set (0.00 sec)

mysql>
```

###　MAX函数

``MAX``函数是用来查询某列中数据的``最大值``，以``student_score``表中的``score``列为例来看一下：

```mysql
mysql> SELECT MAX(score) FROM student_score;
+------------+
| MAX(score) |
+------------+
|        100 |
+------------+
1 row in set (0.00 sec)

mysql>
```

### MIN函数

``MIN``函数是用来查询某列中数据的最小值，以``student_score``表中的``score``列为例来看一下：

```mysql
mysql> SELECT MIN(score) FROM student_score;
+------------+
| MIN(score) |
+------------+
|         46 |
+------------+
1 row in set (0.00 sec)

mysql>
```

### SUM函数

``SUM``函数是用来计算某列数据的和，还是以``student_score``表中的``score``列为例来看一下：

```mysql
mysql> SELECT SUM(score) FROM student_score;
+------------+
| SUM(score) |
+------------+
|        585 |
+------------+
1 row in set (0.01 sec)

mysql>
```

### AVG函数

``AVG``函数是用来计算某列数据的平均数，还是以``student_score``表中的``score``列为例来看一下:

```mysql
mysql> SELECT AVG(score) FROM student_score;
+------------+
| AVG(score) |
+------------+
|    73.1250 |
+------------+
1 row in set (0.00 sec)

mysql>
```

### 给定搜索条件下聚集函数的使用

```mysql
mysql> SELECT AVG(score) FROM student_score WHERE subject = '母猪的产后护理';
+------------+
| AVG(score) |
+------------+
|    73.0000 |
+------------+
1 row in set (0.00 sec)

mysql>
```

### 聚集函数中DISTINCT的使用

默认情况下，聚集函数将计算指定列的所有非NULL数据，如果我们指定的列中有重复数据的话，可以选择使用``DISTINCT``来过滤掉这些重复数据。比方说我们想查看一下``student_info``表中存储了多少个专业的学生信息，就可以这么写：

```mysql
mysql> SELECT COUNT(DISTINCT major) FROM student_info;
+-----------------------+
| COUNT(DISTINCT major) |
+-----------------------+
|                     4 |
+-----------------------+
1 row in set (0.01 sec)

mysql>
```

### 组合聚集函数

聚集函数也可以集中在一个查询中使用，比如这样：

```mysql
mysql> SELECT COUNT(*) AS 成绩记录总数, MAX(score) AS 最高成绩, MIN(score) AS 最低成绩, AVG(score) AS 平均成绩 FROM student_score;
+--------------------+--------------+--------------+--------------+
| 成绩记录总数       | 最高成绩     | 最低成绩     | 平均成绩     |
+--------------------+--------------+--------------+--------------+
|                  8 |          100 |           46 |      73.1250 |
+--------------------+--------------+--------------+--------------+
1 row in set (0.00 sec)

mysql>
```

## 隐式类型转换
---
* 1.把操作数类型转换为适合操作符计算的相应类型。
```mysql
mysql> SELECT 1 + 2, '1' + 2, '1' + '2';
+-------+---------+-----------+
| 1 + 2 | '1' + 2 | '1' + '2' |
+-------+---------+-----------+
|     3 |       3 |         3 |
+-------+---------+-----------+
1 row in set (0.00 sec)

mysql>
```
* 2.将函数参数转换为该函数期望的类型。
```mysql
mysql> SELECT CONCAT('1', '2'), CONCAT('1', 2), CONCAT(1, 2);
+------------------+----------------+--------------+
| CONCAT('1', '2') | CONCAT('1', 2) | CONCAT(1, 2) |
+------------------+----------------+--------------+
| 12               | 12             | 12           |
+------------------+----------------+--------------+
1 row in set (0.00 sec)

mysql>
```
* 3.存储数据时，把某个值转换为某个列需要的类型。
```mysql
CREATE TABLE t (
    i1 TINYINT,
    i2 TINYINT,
    s VARCHAR(100)
);

mysql> INSERT INTO t(i1, i2, s) VALUES('100', '100', 200);
Query OK, 1 row affected (0.01 sec)

mysql>
```

### 类型转换的注意事项

* 1.MySQL会尽量把值转换为表达式中需要的类型，而不是产生错误。       

* 2.在运算时会自动提升操作数的类型。

{{< alert theme="info" >}}
小贴士： 有隐式类型转换，自然也有显式类型转换。在MySQL中，可以使用CAST函数完成显式地类型转换  
{{< /alert >}}
